{
    "welcomeFile": "index.html",
    "authenticationMethod": "route",
    "routes": [
        {
            "source": "^/catalog/(.*)$",
            "authenticationType": "xsuaa",
            "scope": "$XSAPPNAME.Viewer",
            "destination": "srv"
        }
        ,
        {
            "source": "^/v2/catalog/(.*)$",
            "authenticationType": "xsuaa",
            "scope": "$XSAPPNAME.Viewer",
            "destination": "srv"
        }
        ,
        {
            "source": "^/(.*)$",
            "authenticationType": "xsuaa",
            "scope": "$XSAPPNAME.Viewer",
            "localDir": "resources"
        }
    ]
}