{
  "generator-saphanaacademy-cap": {
    "projectName": "notifications",
    "newDir": false,
    "displayName": "Notifications",
    "description": "Business Application",
    "hanaTargetHDI": "",
    "schemaName": "",
    "hana": true,
    "hanaNative": true,
    "hanaExternalHDI": false,
    "api": false,
    "authentication": true,
    "authorization": true,
    "attributes": false,
    "app2app": false,
    "v2support": true,
    "ui": true,
    "html5repo": false,
    "customDomain": "",
    "multiTenant": false,
    "srv2": false,
    "srvjs": false,
    "em": false,
    "cicd": false,
    "applicationLogging": false,
    "haa": false,
    "graphql": false,
    "swagger": false,
    "buildDeploy": false,
    "schemaUPS": false,
    "apiLoB": [],
    "FGCNJobPostingSupplierDownload": "",
    "FGCNWorkerfromWorkOrderXMLDownload": "",
    "FGCNJobSeekerUpload": "",
    "FGCNWorkOrderAcceptUpload": "",
    "GraphURL": "",
    "GraphId": "",
    "GraphTokenURL": "",
    "apiAICORE": false,
    "AICoreURL": "",
    "AICoreTokenURL": "",
    "AICoreModel": "",
    "AICoreModelType": "",
    "SACHost": "",
    "SACTokenURL": "",
    "SACAudience": "",
    "credStore": "",
    "apiS4HCSO": false,
    "apiS4HCBP": false,
    "apiSFSFRC": false,
    "apiSFSFEC": false,
    "apiARIBPO": false,
    "apiARIBWS": false,
    "apiFGCN": false,
    "apiFGAP": false,
    "apiCONC": false,
    "apiGRAPH": false,
    "apiSACTenant": false,
    "apiHERE": false,
    "apiNeoWs": false,
    "apiNW": false,
    "GraphSameSubaccount": false,
    "connectivity": false,
    "app2appType": "",
    "app2appName": "",
    "app2appMethod": "",
    "srvPath": "/",
    "managedAppRouter": false,
    "category": "",
    "routes": false,
    "emNamespace": "",
    "emClientId": "",
    "credStoreNS": "notifications",
    "haaHostname": "",
    "haaPersonalizeJWT": false,
    "haaUseNamedUser": false,
    "graphDataSources": []
  }
}
