ID,notification_ID,uuid
201,101,532d5636-5dd2-4e5f-af02-bc65448fec03
202,101,28f2b7a9-a6dd-46cd-af77-0b3561ae5ddf
203,101,6dad7dc7-7555-403e-baa4-9d3848e34038
204,102,42aab1af-a1c0-4913-b248-c83b95d075f5
205,103,6d31ebe7-3f3b-4d0a-80ad-905e26963cd0
206,103,815fed5c-c14c-414a-bf6d-dd830c238aeb
207,103,f85b9ea9-bf8a-4112-8b41-ef1fd72c2497
208,104,6357adad-5a38-4b33-a1d7-3813f119c1a5
209,104,c09e6b79-141f-4ca7-a866-02070f48eb1b
210,105,235fe637-5115-48f0-a862-8aa5d2356555
211,105,70ce34e1-6935-4a3b-8879-78cc5ff61e75
212,105,70ce34e1-6935-4a3b-8879-78cc5ff61e75
213,105,882a2a6e-9598-4db6-8b2f-d97068a6f0ad