{
  "definitions": {
    "notifications.db": {
      "kind": "context"
    },
    "notifications.db.Sales": {
      "kind": "entity",
      "elements": {
        "ID": {
          "key": true,
          "type": "cds.Integer"
        },
        "region": {
          "type": "cds.String",
          "length": 100
        },
        "country": {
          "type": "cds.String",
          "length": 100
        },
        "org": {
          "type": "cds.String",
          "length": 4
        },
        "amount": {
          "type": "cds.Integer"
        },
        "comments": {
          "type": "cds.String",
          "length": 100
        },
        "criticality": {
          "type": "cds.Integer"
        }
      }
    },
    "notifications.db.Notifications": {
      "kind": "entity",
      "elements": {
        "ID": {
          "key": true,
          "type": "cds.Integer"
        },
        "status": {
          "type": "cds.String",
          "length": 50
        },
        "classification": {
          "type": "cds.String",
          "length": 50
        },
        "severity": {
          "type": "cds.String",
          "length": 50
        },
        "targetDate": {
          "type": "cds.Date"
        },
        "receiveDate": {
          "type": "cds.Date"
        },
        "senderBP": {
          "type": "cds.String",
          "length": 50
        },
        "recieveBP": {
          "type": "cds.String",
          "length": 50
        },
        "affectedItems": {
          "type": "cds.Association",
          "cardinality": {
            "max": "*"
          },
          "target": "notifications.db.AffectedItems",
          "on": [
            {
              "ref": [
                "affectedItems",
                "notification"
              ]
            },
            "=",
            {
              "ref": [
                "$self"
              ]
            }
          ]
        }
      }
    },
    "notifications.db.AffectedItems": {
      "kind": "entity",
      "elements": {
        "ID": {
          "key": true,
          "type": "cds.Integer"
        },
        "notification": {
          "type": "cds.Association",
          "target": "notifications.db.Notifications",
          "keys": [
            {
              "ref": [
                "ID"
              ]
            }
          ]
        },
        "uuid": {
          "type": "cds.String",
          "length": 100
        }
      }
    },
    "CV_SALES": {
      "kind": "entity",
      "@cds.persistence.exists": true,
      "@cds.persistence.calcview": true,
      "elements": {
        "REGION": {
          "key": true,
          "type": "cds.String",
          "length": 100
        },
        "AMOUNT": {
          "type": "cds.Integer"
        }
      }
    },
    "CV_SESSION_INFO": {
      "kind": "entity",
      "@cds.persistence.exists": true,
      "@cds.persistence.calcview": true,
      "elements": {
        "ITEM": {
          "key": true,
          "type": "cds.String",
          "length": 5000
        },
        "VALUE": {
          "type": "cds.String",
          "length": 5000
        }
      }
    },
    "CatalogService": {
      "@source": "srv/catalog-service.cds",
      "kind": "service",
      "@path": "/catalog",
      "@requires": "authenticated-user"
    },
    "CatalogService.Sales": {
      "kind": "entity",
      "@restrict": [
        {
          "grant": [
            "READ"
          ],
          "to": "CatenaXUser"
        },
        {
          "grant": [
            "WRITE"
          ],
          "to": "CatenaXUser"
        }
      ],
      "@UI.Identification": [
        {
          "Value": {
            "=": "country"
          }
        }
      ],
      "@UI.SelectionFields": [],
      "@UI.LineItem": [
        {
          "Value": {
            "=": "ID"
          }
        },
        {
          "Value": {
            "=": "region"
          }
        },
        {
          "Value": {
            "=": "country"
          }
        },
        {
          "Value": {
            "=": "amount"
          },
          "Criticality": {
            "=": "criticality"
          }
        },
        {
          "$Type": "UI.DataFieldForAction",
          "Label": "{i18n>boost}",
          "Action": "CatalogService.boost",
          "Inline": true
        },
        {
          "Value": {
            "=": "comments"
          }
        }
      ],
      "@UI.HeaderInfo.TypeName": "{i18n>country}",
      "@UI.HeaderInfo.TypeNamePlural": "{i18n>countries}",
      "@UI.HeaderInfo.Title.Value": {
        "=": "country"
      },
      "@UI.HeaderInfo.Description.Value": {
        "=": "ID"
      },
      "query": {
        "SELECT": {
          "from": {
            "ref": [
              "notifications.db.Sales"
            ]
          },
          "columns": [
            "*"
          ]
        }
      },
      "elements": {
        "ID": {
          "@title": "{i18n>ID}",
          "@UI.HiddenFilter": true,
          "key": true,
          "type": "cds.Integer"
        },
        "region": {
          "@title": "{i18n>region}",
          "type": "cds.String",
          "length": 100
        },
        "country": {
          "@title": "{i18n>country}",
          "type": "cds.String",
          "length": 100
        },
        "org": {
          "type": "cds.String",
          "length": 4
        },
        "amount": {
          "@title": "{i18n>amount}",
          "type": "cds.Integer"
        },
        "comments": {
          "@title": "{i18n>comments}",
          "type": "cds.String",
          "length": 100
        },
        "criticality": {
          "type": "cds.Integer"
        }
      },
      "actions": {
        "boost": {
          "kind": "action",
          "@restrict": [
            {
              "to": "CatenaXUser"
            }
          ],
          "returns": {
            "type": "CatalogService.Sales"
          }
        }
      }
    },
    "NotificationsService": {
      "@source": "srv/notifications-service.cds",
      "kind": "service",
      "@path": "/notifications",
      "@requires": "authenticated-user"
    },
    "NotificationsService.Notifications": {
      "kind": "entity",
      "@restrict": [
        {
          "grant": [
            "READ"
          ],
          "to": "CatenaXUser"
        },
        {
          "grant": [
            "WRITE"
          ],
          "to": "CatenaXUser"
        }
      ],
      "query": {
        "SELECT": {
          "from": {
            "ref": [
              "notifications.db.Notifications"
            ]
          },
          "columns": [
            "*"
          ]
        }
      },
      "elements": {
        "ID": {
          "key": true,
          "type": "cds.Integer"
        },
        "status": {
          "type": "cds.String",
          "length": 50
        },
        "classification": {
          "type": "cds.String",
          "length": 50
        },
        "severity": {
          "type": "cds.String",
          "length": 50
        },
        "targetDate": {
          "type": "cds.Date"
        },
        "receiveDate": {
          "type": "cds.Date"
        },
        "senderBP": {
          "type": "cds.String",
          "length": 50
        },
        "recieveBP": {
          "type": "cds.String",
          "length": 50
        },
        "affectedItems": {
          "type": "cds.Association",
          "cardinality": {
            "max": "*"
          },
          "target": "NotificationsService.AffectedItems",
          "on": [
            {
              "ref": [
                "affectedItems",
                "notification"
              ]
            },
            "=",
            {
              "ref": [
                "$self"
              ]
            }
          ]
        }
      }
    },
    "NotificationsService.AffectedItems": {
      "kind": "entity",
      "@restrict": [
        {
          "grant": [
            "READ"
          ],
          "to": "CatenaXUser"
        },
        {
          "grant": [
            "WRITE"
          ],
          "to": "CatenaXUser"
        }
      ],
      "query": {
        "SELECT": {
          "from": {
            "ref": [
              "notifications.db.AffectedItems"
            ]
          },
          "columns": [
            "*"
          ]
        }
      },
      "elements": {
        "ID": {
          "key": true,
          "type": "cds.Integer"
        },
        "notification": {
          "type": "cds.Association",
          "target": "NotificationsService.Notifications",
          "keys": [
            {
              "ref": [
                "ID"
              ]
            }
          ]
        },
        "uuid": {
          "type": "cds.String",
          "length": 100
        }
      }
    }
  },
  "meta": {
    "creator": "CDS Compiler v3.1.2",
    "flavor": "inferred"
  },
  "$version": "2.0"
}